<configuration debug="false" scan="true" scanPeriod="60 seconds">
    <!--<include resource="org/springframework/boot/logging/logback/base.xml"/>-->
    <!--<include resource="org/springframework/boot/logging/logback/console-appender.xml"/>-->

    <contextName>api</contextName>

    <!--输出sql语句-->
    <logger name="com.zf.yichat" level="debug"/>
    <property name="path" value="logs"></property>
    <property name="maxHistory" value="30"/>
    <property name="maxFileSize" value="50MB"/>

    <appender name="console" class="ch.qos.logback.core.ConsoleAppender">
        <filter class="ch.qos.logback.classic.filter.ThresholdFilter">
            <level>debug</level>
        </filter>
        <encoder>
            <pattern>%date %level [%thread] %logger{36} [%file : %line] %msg%n
            </pattern>
        </encoder>
    </appender>

    <!-- debug日志 保存1天 -->
    <appender name="debug_file" class="ch.qos.logback.core.rolling.RollingFileAppender">
        <file>${path}/debug.log</file>
        <rollingPolicy class="ch.qos.logback.core.rolling.TimeBasedRollingPolicy">
            <!-- 每天一归档 -->
            <fileNamePattern>${path}/debug.log.%d{yyyy-MM-dd}-%i.zip</fileNamePattern>
            <maxHistory>1</maxHistory>
            <timeBasedFileNamingAndTriggeringPolicy
                    class="ch.qos.logback.core.rolling.SizeAndTimeBasedFNATP">
                <maxFileSize>100MB</maxFileSize>
            </timeBasedFileNamingAndTriggeringPolicy>
        </rollingPolicy>
        <encoder>
            <pattern>%date %level [%thread] %logger{36} [%file : %line] %msg%n
            </pattern>
        </encoder>
        <filter class="ch.qos.logback.classic.filter.LevelFilter">
            <level>DEBUG</level>
            <onMatch>ACCEPT</onMatch>
            <onMismatch>ACCEPT</onMismatch>
        </filter>
    </appender>

    <!-- info日志 保存3天 -->
    <appender name="info_file" class="ch.qos.logback.core.rolling.RollingFileAppender">
        <file>${path}/info.log</file>
        <rollingPolicy class="ch.qos.logback.core.rolling.TimeBasedRollingPolicy">
            <!-- 每天一归档 -->
            <fileNamePattern>${path}/info.log.%d{yyyy-MM-dd}-%i.zip</fileNamePattern>
            <maxHistory>3</maxHistory>
            <timeBasedFileNamingAndTriggeringPolicy
                    class="ch.qos.logback.core.rolling.SizeAndTimeBasedFNATP">
                <maxFileSize>${maxFileSize}</maxFileSize>
            </timeBasedFileNamingAndTriggeringPolicy>
        </rollingPolicy>
        <encoder>
            <pattern>%date %level [%thread] %logger{36} [%file : %line] %msg%n
            </pattern>
        </encoder>
        <filter class="ch.qos.logback.classic.filter.LevelFilter">
            <level>INFO</level>
            <onMatch>ACCEPT</onMatch>
            <onMismatch>DENY</onMismatch>
        </filter>
    </appender>

    <!-- 异常日志 保存15天 -->
    <appender name="error_file" class="ch.qos.logback.core.rolling.RollingFileAppender">
        <file>${path}/error.log</file>
        <rollingPolicy class="ch.qos.logback.core.rolling.TimeBasedRollingPolicy">
            <!-- 每天一归档 -->
            <fileNamePattern>${path}/info.error.%d{yyyy-MM-dd}-%i.zip</fileNamePattern>
            <maxHistory>15</maxHistory>
            <timeBasedFileNamingAndTriggeringPolicy
                    class="ch.qos.logback.core.rolling.SizeAndTimeBasedFNATP">
                <maxFileSize>${maxFileSize}</maxFileSize>
            </timeBasedFileNamingAndTriggeringPolicy>
        </rollingPolicy>
        <encoder>
            <pattern>%date %level [%thread] %logger{36} [%file : %line] %msg%n
            </pattern>
        </encoder>
        <filter class="ch.qos.logback.classic.filter.LevelFilter">
            <level>ERROR</level>
            <onMatch>ACCEPT</onMatch>
            <onMismatch>DENY</onMismatch>
        </filter>
    </appender>


    <springProfile name="prod">
        <root level="INFO">
            <appender-ref ref="debug_file"/>
            <appender-ref ref="error_file"/>
        </root>
    </springProfile>

    <springProfile name="yichat">
        <root level="INFO">
            <appender-ref ref="debug_file"/>
            <appender-ref ref="error_file"/>
        </root>
    </springProfile>

    <springProfile name="tw">
        <root level="INFO">
            <appender-ref ref="debug_file"/>
            <appender-ref ref="error_file"/>
        </root>
    </springProfile>

    <springProfile name="wanwei">
        <root level="INFO">
            <appender-ref ref="debug_file"/>
            <appender-ref ref="error_file"/>
        </root>
    </springProfile>

    <springProfile name="yiliao">
        <root level="INFO">
            <appender-ref ref="debug_file"/>
            <appender-ref ref="error_file"/>
        </root>
    </springProfile>

    <springProfile name="huliao">
        <root level="INFO">
            <appender-ref ref="debug_file"/>
            <appender-ref ref="error_file"/>
        </root>
    </springProfile>

    <springProfile name="yuanliao">
        <root level="INFO">
            <appender-ref ref="debug_file"/>
            <appender-ref ref="error_file"/>
        </root>
    </springProfile>

    <springProfile name="趣聊">
        <root level="INFO">
            <appender-ref ref="debug_file"/>
            <appender-ref ref="error_file"/>
        </root>
    </springProfile>

    <springProfile name="彩聊">
        <root level="INFO">
            <appender-ref ref="debug_file"/>
            <appender-ref ref="error_file"/>
        </root>
    </springProfile>

    <springProfile name="微聊">
        <root level="INFO">
            <appender-ref ref="debug_file"/>
            <appender-ref ref="error_file"/>
        </root>
    </springProfile>


    <springProfile name="清聊">
        <root level="INFO">
            <appender-ref ref="debug_file"/>
            <appender-ref ref="error_file"/>
        </root>
    </springProfile>

    <springProfile name="乐聊">
        <root level="INFO">
            <appender-ref ref="debug_file"/>
            <appender-ref ref="error_file"/>
        </root>
    </springProfile>

    <springProfile name="掌上聊">
        <root level="INFO">
            <appender-ref ref="debug_file"/>
            <appender-ref ref="error_file"/>
        </root>
    </springProfile>

    <springProfile name="陌菲">
        <root level="INFO">
            <appender-ref ref="debug_file"/>
            <appender-ref ref="error_file"/>
        </root>
    </springProfile>

    <springProfile name="滴聊">
        <root level="INFO">
            <appender-ref ref="debug_file"/>
            <appender-ref ref="error_file"/>
        </root>
    </springProfile>

    <springProfile name="滴聊prod">
        <root level="INFO">
            <appender-ref ref="debug_file"/>
            <appender-ref ref="error_file"/>
        </root>
    </springProfile>

    <springProfile name="微聊2">
        <root level="INFO">
            <appender-ref ref="debug_file"/>
            <appender-ref ref="error_file"/>
        </root>
    </springProfile>

    <springProfile name="神笔">
        <root level="INFO">
            <appender-ref ref="debug_file"/>
            <appender-ref ref="error_file"/>
        </root>
    </springProfile>

    <springProfile name="缘聊">
        <root level="INFO">
            <appender-ref ref="debug_file"/>
            <appender-ref ref="error_file"/>
        </root>
    </springProfile>

    <springProfile name="众聊">
        <root level="INFO">
            <appender-ref ref="debug_file"/>
            <appender-ref ref="error_file"/>
        </root>
    </springProfile>


    <springProfile name="SX">
        <root level="INFO">
            <appender-ref ref="debug_file"/>
            <appender-ref ref="error_file"/>
        </root>
    </springProfile>

    <springProfile name="声控">
        <root level="INFO">
            <appender-ref ref="debug_file"/>
            <appender-ref ref="error_file"/>
        </root>
    </springProfile>


    <springProfile name="dev">
        <root>
            <!--<level value="info"/>-->
            <appender-ref ref="console"/>
           <!-- <appender-ref ref="debug_file"/>
            <appender-ref ref="info_file"/>
            <appender-ref ref="error_file"/>-->
        </root>
    </springProfile>

</configuration>