<configuration debug="false" scan="true" scanPeriod="10 seconds">
    <!--<include resource="org/springframework/boot/logging/logback/base.xml"/>-->
    <!--<include resource="org/springframework/boot/logging/logback/console-appender.xml"/>-->

    <contextName>logback</contextName>

    <!--输出sql语句-->
    <logger name="com.zf.yichat" level="debug"/>
    <!--<property name="path" value="/Users/fengsong/Documents/fyn"></property>-->
    <property name="maxHistory" value="30"/>
    <property name="maxFileSize" value="50MB"/>

    <appender name="console" class="ch.qos.logback.core.ConsoleAppender">
        <filter class="ch.qos.logback.classic.filter.ThresholdFilter">
            <level>debug</level>
        </filter>
        <encoder>
            <pattern>%date %level [%thread] %logger{36} [%file : %line] %msg%n
            </pattern>
        </encoder>
    </appender>

    <appender name="debug_file" class="ch.qos.logback.core.rolling.RollingFileAppender">
        <file>${path}/logback_debug.log</file>
        <rollingPolicy class="ch.qos.logback.core.rolling.TimeBasedRollingPolicy">
            <!-- 每天一归档 -->
            <fileNamePattern>${path}/debug.log.%d{yyyy-MM-dd}-%i.log</fileNamePattern>
            <maxHistory>${maxHistory}</maxHistory>
            <timeBasedFileNamingAndTriggeringPolicy
                    class="ch.qos.logback.core.rolling.SizeAndTimeBasedFNATP">
                <maxFileSize>${maxFileSize}</maxFileSize>
            </timeBasedFileNamingAndTriggeringPolicy>
        </rollingPolicy>
        <encoder>
            <pattern>%date %level [%thread] %logger{36} [%file : %line] %msg%n
            </pattern>
        </encoder>
        <filter class="ch.qos.logback.classic.filter.LevelFilter">
            <level>DEBUG</level>
            <onMatch>ACCEPT</onMatch>
            <onMismatch>DENY</onMismatch>
        </filter>
    </appender>

    <appender name="info_file" class="ch.qos.logback.core.rolling.RollingFileAppender">
        <file>${path}/logback_info.log</file>
        <rollingPolicy class="ch.qos.logback.core.rolling.TimeBasedRollingPolicy">
            <!-- 每天一归档 -->
            <fileNamePattern>${path}/info.log.%d{yyyy-MM-dd}-%i.zip</fileNamePattern>
            <maxHistory>${maxHistory}</maxHistory>
            <timeBasedFileNamingAndTriggeringPolicy
                    class="ch.qos.logback.core.rolling.SizeAndTimeBasedFNATP">
                <maxFileSize>${maxFileSize}</maxFileSize>
            </timeBasedFileNamingAndTriggeringPolicy>
        </rollingPolicy>
        <encoder>
            <pattern>%date %level [%thread] %logger{36} [%file : %line] %msg%n
            </pattern>
        </encoder>
        <filter class="ch.qos.logback.classic.filter.LevelFilter">
            <level>INFO</level>
            <onMatch>ACCEPT</onMatch>
            <onMismatch>DENY</onMismatch>
        </filter>
    </appender>

    <appender name="error_file" class="ch.qos.logback.core.rolling.RollingFileAppender">
        <file>${path}/logback_error.log</file>
        <rollingPolicy class="ch.qos.logback.core.rolling.TimeBasedRollingPolicy">
            <!-- 每天一归档 -->
            <fileNamePattern>${path}/error.log.%d{yyyy-MM-dd}-%i.zip</fileNamePattern>
            <maxHistory>${maxHistory}</maxHistory>
            <timeBasedFileNamingAndTriggeringPolicy
                    class="ch.qos.logback.core.rolling.SizeAndTimeBasedFNATP">
                <maxFileSize>${maxFileSize}</maxFileSize>
            </timeBasedFileNamingAndTriggeringPolicy>
        </rollingPolicy>
        <encoder>
            <pattern>%date %level [%thread] %logger{36} [%file : %line] %msg%n
            </pattern>
        </encoder>
        <filter class="ch.qos.logback.classic.filter.LevelFilter">
            <level>ERROR</level>
            <onMatch>ACCEPT</onMatch>
            <onMismatch>DENY</onMismatch>
        </filter>
    </appender>


    <springProfile name="prod">
        <root level="INFO">
            <appender-ref ref="console"/>
            <appender-ref ref="info_file"/>
            <appender-ref ref="error_file"/>
        </root>
    </springProfile>

    <springProfile name="yichat">
        <root level="DEBUG">
            <appender-ref ref="console"/>
            <appender-ref ref="info_file"/>
            <appender-ref ref="error_file"/>
        </root>
    </springProfile>

    <springProfile name="common">
        <root level="DEBUG">
            <appender-ref ref="console"/>
            <appender-ref ref="info_file"/>
            <appender-ref ref="error_file"/>
        </root>
    </springProfile>

    <springProfile name="weiliao">
        <root level="DEBUG">
            <appender-ref ref="console"/>
            <appender-ref ref="info_file"/>
            <appender-ref ref="error_file"/>
        </root>
    </springProfile>

    <springProfile name="zhangshangliao">
        <root level="DEBUG">
            <appender-ref ref="console"/>
            <appender-ref ref="info_file"/>
            <appender-ref ref="error_file"/>
        </root>
    </springProfile>

    <springProfile name="dev">
        <root>
            <level value="info"/>
            <appender-ref ref="console"/>
           <!-- <appender-ref ref="debug_file"/>
            <appender-ref ref="info_file"/>
            <appender-ref ref="error_file"/>-->
        </root>
    </springProfile>

</configuration>