<?xml version="1.0" encoding="UTF-8"?>
<!DOCTYPE mapper PUBLIC "-//mybatis.org//DTD Mapper 3.0//EN" "http://mybatis.org/dtd/mybatis-3-mapper.dtd">
<mapper namespace="com.zf.yichat.mapper.MessageApiMapper">
    <delete id="cleanMsg">
        DELETE FROM message_store where ctime <![CDATA[<=]]> #{limitDate};
        DELETE FROM message where ctime <![CDATA[<=]]> #{limitDate};
    </delete>
    <delete id="deleteById">
        DELETE FROM message_store where id=#{id};
        DELETE FROM message where id=#{id};
    </delete>

    <select id="selectList" resultMap="com.zf.yichat.mapper.MessageStoreMapper.BaseResultMap">
        select a.* from message_store a
        LEFT JOIN user u on a.user_id= u.id
        WHERE a.status=0 AND a.refer_type=#{referType}
        <if test="referId!=null and userId!=null">
            and ((a.user_id=#{userId} and a.refer_id=#{referId}) or (a.user_id=#{referId} and a.refer_id=#{userId}))
        </if>
        <if test="userId!=null and referId==null">
            and a.user_id=#{userId}
        </if>
        <if test="userId==null and referId!=null">
            and a.refer_id=#{referId}
        </if>
        <if test="appId!=null and appId !='' ">
            and u.appid=#{appId}
        </if>
        <if test="sendName!=null and sendName !=''">
            and u.nick like concat('%',#{sendName},'%')
        </if>
        <if test="startTime!=null ">
            and a.time >= #{startTime}
        </if>

        <if test="endTime!=null ">
            and a.time <![CDATA[<=]]> #{endTime}
        </if>

        <if test="content!=null  and content!=''">
            and a.text like concat('%',#{content},'%')
        </if>
        order by a.id desc
    </select>
</mapper>