<?xml version="1.0" encoding="UTF-8"?>
<!DOCTYPE mapper PUBLIC "-//mybatis.org//DTD Mapper 3.0//EN" "http://mybatis.org/dtd/mybatis-3-mapper.dtd">
<mapper namespace="com.zf.yichat.mapper.MissionApiMapper">

    <!--<select id="selectList" resultMap="com.zf.yichat.mapper.MissionMapper.BaseResultMap">-->

        <!--SELECT * from mission-->
        <!--<where>-->

            <!--<if test="userId!=null">-->
                <!--and user_id=#{userId}-->
            <!--</if>-->

            <!--<if test="title!=null and title!=''">-->
                <!--and title like concat('%',#{userId},'%')-->
            <!--</if>-->

            <!--<if test="status!=null">-->
                <!--and status=#{status}-->
            <!--</if>-->

        <!--</where>-->

        <!--ORDER  BY  ctime DESC-->

    <!--</select>-->
</mapper>