<?xml version="1.0" encoding="UTF-8"?>
<!DOCTYPE mapper PUBLIC "-//mybatis.org//DTD Mapper 3.0//EN" "http://mybatis.org/dtd/mybatis-3-mapper.dtd">
<mapper namespace="com.zf.yichat.mapper.PacketApiMapper">


    <select id="selectList" resultMap="com.zf.yichat.mapper.PacketMapper.BaseResultMap">
        select a.* from packet a
        <where>
          <if test="type!=null">
            a.type=#{type}
        </if>
        <if test="userId!=null">
            a.user_id=#{userId}
        </if>
        </where>
        order by ctime desc
    </select>


    <select id="countReceiveMoney" resultType="com.zf.yichat.dto.PacketReceiveInfoDto">
        select count(pr.id) as count,sum(pr.money) as money from packet_receive pr LEFT JOIN packet p ON pr.packet_id=p.id where
          pr.id=#{packetId} and pr.status=1

    </select>


    <select id="selectReceiveList" resultType="com.zf.yichat.dto.PacketReceiveListDto">
        select
        p.id as packetId,
        p.user_id as userId,
        u.nick,
        u.avatar,
        pr.money,
        DATE_FORMAT(pr.ctime,'%m-%d')as receiveTime,
        p.type
        from packet_receive pr LEFT JOIN packet p ON pr.packet_id=p.id
        LEFT JOIN `user` u on p.user_id=u.id
        where
        pr.status=1 AND pr.packet_id=#{packetId}

        order by pr.id desc
    </select>

</mapper>