<?xml version="1.0" encoding="UTF-8"?>
<!DOCTYPE mapper PUBLIC "-//mybatis.org//DTD Mapper 3.0//EN" "http://mybatis.org/dtd/mybatis-3-mapper.dtd">
<mapper namespace="com.zf.yichat.mapper.UserApiMapper">
    <update id="updateGroupAuth">
        UPDATE user set create_group_auth=#{toStatus} where  create_group_auth=#{srcStatus}
    </update>

    <select id="selectList" resultType="com.zf.yichat.model.User">
        select * from user
    </select>
    <select id="selectCleanList" resultMap="com.zf.yichat.mapper.UserMapper.BaseResultMap">
         SELECT a.* from user a LEFT JOIN  user_balance ub ON a.id=ub.user_id
         <where>
             <if test="balanceMoney!=null and balanceMoney!=0"  >
                   and ub.balance <![CDATA[<]]> #{balanceMoney}
             </if>
             <if test="notLoginDay!=null and notLoginDay!=0">
                   and  (to_days(now()) - to_days(a.login_time)) <![CDATA[>=]]> #{notLoginDay}
             </if>
             <if test="userId!=null">
                 and a.id=#{userId}
             </if>
             <if test="mobile!=null and mobile!=''">
                 and a.mobile like concat('%',#{mobile},'%')
             </if>
             <if test="appId!=null and appId!=''">
                 and a.appId =#{appId}
             </if>

         </where>
        order by id desc
    </select>
    <select id="selectIpList" resultMap="com.zf.yichat.mapper.UserIpMapper.BaseResultMap">
        SELECT * FROM user_ip where user_id=#{userId}
    </select>
</mapper>